rank	motif_DB	motif_ID	motif_alt_ID	consensus	p-value	adj_p-value	E-value	tests	FASTA_max	pos	neg	PWM_min	TP	%TP	FP	%FP
1	/home/ellora/projects/faxdc2/ame/jaspar_insects.txt	MA0253.1	vnd	TYTCAAGTR	6.64e-4	2.03e-1	2.90e1	341	157	157	1125	2.35	33	21.02	125	11.11
2	/home/ellora/projects/faxdc2/ame/jaspar_insects.txt	MA0532.1	Stat92E	YGVADTTCYNRGAAW	1.94e-3	3.32e-1	4.74e1	208	157	157	1125	3.42	23	14.65	80	7.11
3	/home/ellora/projects/faxdc2/ame/jaspar_insects.txt	MA0199.1	Optix	TGATA	1.32e-3	4.24e-1	6.06e1	418	157	157	1125	1.31	39	24.84	165	14.67
4	/home/ellora/projects/faxdc2/ame/jaspar_insects.txt	MA0180.1	Vsx2	KTTAATTAG	2.55e-3	5.79e-1	8.28e1	340	157	157	1125	4.29	23	14.65	82	7.29
5	/home/ellora/projects/faxdc2/ame/jaspar_insects.txt	MA0452.2	Kr	BTYAACCCTTTYNB	6.57e-3	5.80e-1	8.29e1	132	157	157	1125	37.6	3	1.91	1	0.09
6	/home/ellora/projects/faxdc2/ame/jaspar_insects.txt	MA0449.1	h	GGCACGTGCC	3.31e-3	6.49e-1	9.28e1	316	157	157	1125	2.55	23	14.65	84	7.47
7	/home/ellora/projects/faxdc2/ame/jaspar_insects.txt	MA0460.1	ttk	MAGGATAAT	7.61e-3	7.22e-1	1.03e2	168	157	157	1125	1.15	28	17.83	119	10.58
8	/home/ellora/projects/faxdc2/ame/jaspar_insects.txt	MA0229.1	inv	TYTAATTA	2.67e-3	7.73e-1	1.10e2	555	157	157	1125	7.67	4	2.55	2	0.18
9	/home/ellora/projects/faxdc2/ame/jaspar_insects.txt	MA0454.1	odd	MMCAGTAGCAV	3.36e-2	7.86e-1	1.12e2	45	157	157	1125	3.22	8	5.10	24	2.13
10	/home/ellora/projects/faxdc2/ame/jaspar_insects.txt	MA0016.1	usp	GGGGTCACGS	2.47e-2	8.78e-1	1.26e2	84	157	157	1125	2.87	9	5.73	27	2.40
11	/home/ellora/projects/faxdc2/ame/jaspar_insects.txt	MA1461.1	sv	NBCASTSAWGCGTGACG	1.42e-1	9.14e-1	1.31e2	16	157	157	1125	1.66	3	1.91	8	0.71
12	/home/ellora/projects/faxdc2/ame/jaspar_insects.txt	MA0218.1	ct	TTRAAC	5.07e-3	9.29e-1	1.33e2	522	157	157	1125	2.24	7	4.46	12	1.07
13	/home/ellora/projects/faxdc2/ame/jaspar_insects.txt	MA0224.1	exex	BTAATTA	5.63e-3	9.45e-1	1.35e2	514	157	157	1125	6.57	4	2.55	3	0.27
14	/home/ellora/projects/faxdc2/ame/jaspar_insects.txt	MA0241.1	ro	YTAATTA	8.01e-3	9.82e-1	1.40e2	502	157	157	1125	2.2	40	25.48	191	16.98
15	/home/ellora/projects/faxdc2/ame/jaspar_insects.txt	MA0026.1	Eip74EF	CCGGAAR	1.22e-2	9.93e-1	1.42e2	411	157	157	1125	1.62	42	26.75	209	18.58
16	/home/ellora/projects/faxdc2/ame/jaspar_insects.txt	MA0447.1	gt	RTTACGTAAY	5.21e-2	9.94e-1	1.42e2	96	157	157	1125	2.41	10	6.37	37	3.29
17	/home/ellora/projects/faxdc2/ame/jaspar_insects.txt	MA0211.1	bap	TTAAGTG	1.49e-2	9.96e-1	1.42e2	370	157	157	1125	12	2	1.27	0	0.00
18	/home/ellora/projects/faxdc2/ame/jaspar_insects.txt	MA1462.1	vfl	NNGCAGGTAGNN	2.60e-2	9.97e-1	1.43e2	218	157	157	1125	1.4	29	18.47	139	12.36
19	/home/ellora/projects/faxdc2/ame/jaspar_insects.txt	MA0247.2	tin	WBTCRAGTGS	1.49e-2	9.98e-1	1.43e2	409	157	157	1125	38.2	2	1.27	0	0.00
20	/home/ellora/projects/faxdc2/ame/jaspar_insects.txt	MA0202.1	Rx	YTAATTR	9.45e-3	9.98e-1	1.43e2	649	157	157	1125	5.29	7	4.46	14	1.24
21	/home/ellora/projects/faxdc2/ame/jaspar_insects.txt	MA0534.1	EcR::usp	VRGKTCAWTGMMCTY	3.66e-2	9.98e-1	1.43e2	168	157	157	1125	16.5	5	3.18	11	0.98
22	/home/ellora/projects/faxdc2/ame/jaspar_insects.txt	MA0177.1	CG18599	YTAATKA	1.14e-2	9.98e-1	1.43e2	552	157	157	1125	1.82	48	30.57	246	21.87
23	/home/ellora/projects/faxdc2/ame/jaspar_insects.txt	MA0531.1	CTCF	CCRMYAGRTGGCGCY	4.11e-2	1.00e0	1.43e2	194	157	157	1125	1.33e+03	2	1.27	1	0.09
24	/home/ellora/projects/faxdc2/ame/jaspar_insects.txt	MA0172.1	CG11294	TTAATTA	1.82e-2	1.00e0	1.43e2	488	157	157	1125	6.7	10	6.37	30	2.67
25	/home/ellora/projects/faxdc2/ame/jaspar_insects.txt	MA0198.1	OdsH	YTAATTR	1.42e-2	1.00e0	1.43e2	631	157	157	1125	2.73	26	16.56	114	10.13
26	/home/ellora/projects/faxdc2/ame/jaspar_insects.txt	MA0184.1	CG9876	YTAATTA	1.65e-2	1.00e0	1.43e2	584	157	157	1125	2.61	24	15.29	104	9.24
27	/home/ellora/projects/faxdc2/ame/jaspar_insects.txt	MA1702.1	Pdp1	NRTTATGCAAYN	4.04e-2	1.00e0	1.43e2	257	157	157	1125	5.52	13	8.28	51	4.53
28	/home/ellora/projects/faxdc2/ame/jaspar_insects.txt	MA0204.1	Six4	TGAYAC	4.67e-2	1.00e0	1.43e2	227	157	157	1125	1.94	9	5.73	31	2.76
29	/home/ellora/projects/faxdc2/ame/jaspar_insects.txt	MA1458.1	Hsf	NNTTCCAGAANN	5.88e-2	1.00e0	1.43e2	199	157	157	1125	1.06	30	19.11	157	13.96
30	/home/ellora/projects/faxdc2/ame/jaspar_insects.txt	MA0085.1	Su(H)	BYGTGGGAAMCBNDVT	1.61e-1	1.00e0	1.43e2	79	157	157	1125	87.3	2	1.27	4	0.36
31	/home/ellora/projects/faxdc2/ame/jaspar_insects.txt	MA0209.1	ap	YTAATTA	2.64e-2	1.00e0	1.43e2	525	157	157	1125	1.62	51	32.48	279	24.80
32	/home/ellora/projects/faxdc2/ame/jaspar_insects.txt	MA0236.1	otp	YTAATTA	2.43e-2	1.00e0	1.43e2	580	157	157	1125	1.92	50	31.85	271	24.09
33	/home/ellora/projects/faxdc2/ame/jaspar_insects.txt	MA0196.1	NK7.1	TTAATTR	2.07e-2	1.00e0	1.43e2	700	157	157	1125	3.27	9	5.73	26	2.31
34	/home/ellora/projects/faxdc2/ame/jaspar_insects.txt	MA0459.1	tll	AAAAGTCAAM	7.24e-2	1.00e0	1.43e2	221	157	157	1125	3.04	20	12.74	98	8.71
35	/home/ellora/projects/faxdc2/ame/jaspar_insects.txt	MA0170.1	C15	TTAAWKR	2.32e-2	1.00e0	1.43e2	751	157	157	1125	3.35	8	5.10	22	1.96
36	/home/ellora/projects/faxdc2/ame/jaspar_insects.txt	MA0181.1	Vsx1	YTAATTA	2.81e-2	1.00e0	1.43e2	622	157	157	1125	4.5	8	5.10	23	2.04
37	/home/ellora/projects/faxdc2/ame/jaspar_insects.txt	MA0015.1	Cf2	RTATATRTAB	4.11e-2	1.00e0	1.43e2	460	157	157	1125	48.5	2	1.27	1	0.09
38	/home/ellora/projects/faxdc2/ame/jaspar_insects.txt	MA0535.1	Mad	SHGRCGCCGVCGSHG	5.64e-2	1.00e0	1.43e2	341	157	157	1125	29.4	11	7.01	43	3.82
39	/home/ellora/projects/faxdc2/ame/jaspar_insects.txt	MA0244.1	slbo	ATTGCAMA	2.53e-2	1.00e0	1.43e2	819	157	157	1125	1.91	40	25.48	207	18.40
40	/home/ellora/projects/faxdc2/ame/jaspar_insects.txt	MA0208.1	al	TAATTAA	4.42e-2	1.00e0	1.43e2	481	157	157	1125	6.69	11	7.01	41	3.64
41	/home/ellora/projects/faxdc2/ame/jaspar_insects.txt	MA0167.1	Awh	YTAATTA	4.04e-2	1.00e0	1.43e2	550	157	157	1125	3.46	13	8.28	51	4.53
42	/home/ellora/projects/faxdc2/ame/jaspar_insects.txt	MA0022.1	dl	SGGGTTTTTCCV	7.99e-2	1.00e0	1.43e2	284	157	157	1125	1.29	36	22.93	201	17.87
43	/home/ellora/projects/faxdc2/ame/jaspar_insects.txt	MA0240.1	repo	TTAATTA	4.11e-2	1.00e0	1.43e2	579	157	157	1125	10.1	2	1.27	1	0.09
44	/home/ellora/projects/faxdc2/ame/jaspar_insects.txt	MA0166.1	Antp	TTAATKA	4.11e-2	1.00e0	1.43e2	588	157	157	1125	9.13	2	1.27	1	0.09
45	/home/ellora/projects/faxdc2/ame/jaspar_insects.txt	MA0206.1	abd-A	TTAATKA	4.11e-2	1.00e0	1.43e2	591	157	157	1125	8.86	2	1.27	1	0.09
46	/home/ellora/projects/faxdc2/ame/jaspar_insects.txt	MA0189.1	E5	YTAATKA	4.11e-2	1.00e0	1.43e2	597	157	157	1125	4.75	2	1.27	1	0.09
47	/home/ellora/projects/faxdc2/ame/jaspar_insects.txt	MA0230.1	lab	TTAATKA	4.11e-2	1.00e0	1.43e2	600	157	157	1125	9.61	2	1.27	1	0.09
48	/home/ellora/projects/faxdc2/ame/jaspar_insects.txt	MA0219.1	ems	YTAATKA	4.11e-2	1.00e0	1.43e2	602	157	157	1125	4.21	2	1.27	1	0.09
49	/home/ellora/projects/faxdc2/ame/jaspar_insects.txt	MA0191.1	HGTX	TTAATTA	4.11e-2	1.00e0	1.43e2	612	157	157	1125	7.16	2	1.27	1	0.09
50	/home/ellora/projects/faxdc2/ame/jaspar_insects.txt	MA0194.1	Lim1	TTAATTA	5.64e-2	1.00e0	1.43e2	455	157	157	1125	6.41	11	7.01	43	3.82
51	/home/ellora/projects/faxdc2/ame/jaspar_insects.txt	MA0178.1	CG32105	TTAATTA	4.11e-2	1.00e0	1.43e2	624	157	157	1125	9.13	2	1.27	1	0.09
52	/home/ellora/projects/faxdc2/ame/jaspar_insects.txt	MA0251.1	unpg	YTAATTR	4.03e-2	1.00e0	1.43e2	637	157	157	1125	4.13	9	5.73	30	2.67
53	/home/ellora/projects/faxdc2/ame/jaspar_insects.txt	MA0225.1	ftz	TTAATKA	4.11e-2	1.00e0	1.43e2	635	157	157	1125	8.03	2	1.27	1	0.09
54	/home/ellora/projects/faxdc2/ame/jaspar_insects.txt	MA0245.1	slou	TTAATTR	4.11e-2	1.00e0	1.43e2	646	157	157	1125	5.46	2	1.27	1	0.09
55	/home/ellora/projects/faxdc2/ame/jaspar_insects.txt	MA0195.1	Lim3	YTAATTA	4.32e-2	1.00e0	1.43e2	628	157	157	1125	1.98	29	18.47	146	12.98
56	/home/ellora/projects/faxdc2/ame/jaspar_insects.txt	MA0183.1	HHEX	WTKAATTA	4.11e-2	1.00e0	1.43e2	700	157	157	1125	5.53	2	1.27	1	0.09
57	/home/ellora/projects/faxdc2/ame/jaspar_insects.txt	MA0220.1	en	YTAATTR	4.69e-2	1.00e0	1.43e2	631	157	157	1125	4.23	8	5.10	26	2.31
58	/home/ellora/projects/faxdc2/ame/jaspar_insects.txt	MA0094.2	Ubx	YTTAATTA	4.29e-2	1.00e0	1.43e2	695	157	157	1125	6.17	6	3.82	16	1.42
59	/home/ellora/projects/faxdc2/ame/jaspar_insects.txt	MA0530.1	cnc::maf-S	VATGACKCDGCANWW	1.73e-1	1.00e0	1.43e2	175	157	157	1125	17.6	3	1.91	9	0.80
60	/home/ellora/projects/faxdc2/ame/jaspar_insects.txt	MA0228.1	ind	YTAATKA	6.10e-2	1.00e0	1.43e2	504	157	157	1125	1.89	40	25.48	222	19.73
61	/home/ellora/projects/faxdc2/ame/jaspar_insects.txt	MA0257.1	zen2	YTAATKA	5.38e-2	1.00e0	1.43e2	576	157	157	1125	3.26	9	5.73	32	2.84
62	/home/ellora/projects/faxdc2/ame/jaspar_insects.txt	MA0529.2	BEAF-32	NHTATCGATADN	1.03e-1	1.00e0	1.43e2	316	157	157	1125	1.18	42	26.75	246	21.87
63	/home/ellora/projects/faxdc2/ame/jaspar_insects.txt	MA0533.1	su(Hw)	GCCNAAAAGTATGCWAYRMWW	2.57e-1	1.00e0	1.43e2	136	157	157	1125	2.15	15	9.55	87	7.73
64	/home/ellora/projects/faxdc2/ame/jaspar_insects.txt	MA0086.2	sna	NBRACAGGTGYAN	1.22e-1	1.00e0	1.43e2	284	157	157	1125	76.5	1	0.64	0	0.00
65	/home/ellora/projects/faxdc2/ame/jaspar_insects.txt	MA0536.1	pnr	TATCGATAGBY	1.06e-1	1.00e0	1.43e2	326	157	157	1125	1.25	44	28.03	260	23.11
66	/home/ellora/projects/faxdc2/ame/jaspar_insects.txt	MA0256.1	zen	YTAATGA	8.59e-2	1.00e0	1.43e2	430	157	157	1125	3.51	7	4.46	25	2.22
67	/home/ellora/projects/faxdc2/ame/jaspar_insects.txt	MA0255.1	z	WTGAGTGRDW	1.13e-1	1.00e0	1.43e2	492	157	157	1125	5.01	3	1.91	7	0.62
68	/home/ellora/projects/faxdc2/ame/jaspar_insects.txt	MA0254.1	vvl	TATKCA	1.95e-1	1.00e0	1.43e2	505	157	157	1125	2.09	4	2.55	15	1.33
69	/home/ellora/projects/faxdc2/ame/jaspar_insects.txt	MA0252.1	vis	TGACAS	1.13e-1	1.00e0	1.43e2	390	157	157	1125	1.09	46	29.30	275	24.44
70	/home/ellora/projects/faxdc2/ame/jaspar_insects.txt	MA0250.1	unc-4	TTAATTG	8.70e-2	1.00e0	1.43e2	636	157	157	1125	5.45	5	3.18	15	1.33
71	/home/ellora/projects/faxdc2/ame/jaspar_insects.txt	MA0249.2	twi	RNACACATGTN	3.24e-1	1.00e0	1.43e2	309	157	157	1125	21.7	1	0.64	2	0.18
72	/home/ellora/projects/faxdc2/ame/jaspar_insects.txt	MA0248.1	tup	TTAATKG	1.96e-1	1.00e0	1.43e2	617	157	157	1125	1.04	79	50.32	521	46.31
73	/home/ellora/projects/faxdc2/ame/jaspar_insects.txt	MA0205.2	Trl	RVAAGAGAGAGR	3.97e-1	1.00e0	1.43e2	323	157	157	1125	172	4	2.55	22	1.96
74	/home/ellora/projects/faxdc2/ame/jaspar_insects.txt	MA0246.1	so	TGATAC	1.81e-1	1.00e0	1.43e2	320	157	157	1125	1.51	16	10.19	87	7.73
75	/home/ellora/projects/faxdc2/ame/jaspar_insects.txt	MA0458.1	slp1	DTGTTTAYRYW	1.49e-1	1.00e0	1.43e2	739	157	157	1125	4.23	26	16.56	148	13.16
76	/home/ellora/projects/faxdc2/ame/jaspar_insects.txt	MA0243.1	sd	GWMATTYNWVRN	1.89e-1	1.00e0	1.43e2	480	157	157	1125	2.38	6	3.82	26	2.31
77	/home/ellora/projects/faxdc2/ame/jaspar_insects.txt	MA0203.1	Scr	TTAATGA	9.83e-2	1.00e0	1.43e2	510	157	157	1125	4.02	7	4.46	26	2.31
78	/home/ellora/projects/faxdc2/ame/jaspar_insects.txt	MA0193.1	schlank	CYACYAA	1.42e-1	1.00e0	1.43e2	452	157	157	1125	1.37	51	32.48	315	28.00
79	/home/ellora/projects/faxdc2/ame/jaspar_insects.txt	MA0201.1	Ptx1	TTAATCC	2.08e-1	1.00e0	1.43e2	195	157	157	1125	7.46	2	1.27	5	0.44
80	/home/ellora/projects/faxdc2/ame/jaspar_insects.txt	MA0239.1	prd	WGTAACHGW	7.64e-1	1.00e0	1.43e2	373	157	157	1125	1.62	16	10.19	133	11.82
81	/home/ellora/projects/faxdc2/ame/jaspar_insects.txt	MA0200.1	Pph13	HTAATTA	8.70e-2	1.00e0	1.43e2	593	157	157	1125	4.23	5	3.18	15	1.33
82	/home/ellora/projects/faxdc2/ame/jaspar_insects.txt	MA1460.1	pho	NNATGGCCGNN	4.60e-1	1.00e0	1.43e2	524	157	157	1125	1.88	32	20.38	222	19.73
83	/home/ellora/projects/faxdc2/ame/jaspar_insects.txt	MA0457.1	PHDP	HTAATTD	7.57e-2	1.00e0	1.43e2	734	157	157	1125	5.44	2	1.27	2	0.18
84	/home/ellora/projects/faxdc2/ame/jaspar_insects.txt	MA0238.1	pb	YTAATKA	7.70e-2	1.00e0	1.43e2	546	157	157	1125	1.65	51	32.48	300	26.67
85	/home/ellora/projects/faxdc2/ame/jaspar_insects.txt	MA0237.2	pan	KCGSCKYBTTTGRT	4.77e-1	1.00e0	1.43e2	220	157	157	1125	1.13	27	17.20	188	16.71
86	/home/ellora/projects/faxdc2/ame/jaspar_insects.txt	MA0126.1	ovo	WGTAACHGW	7.64e-1	1.00e0	1.43e2	373	157	157	1125	1.62	16	10.19	133	11.82
87	/home/ellora/projects/faxdc2/ame/jaspar_insects.txt	MA0456.1	opa	GMCCCCCCGCTG	3.51e-1	1.00e0	1.43e2	119	157	157	1125	23.3	2	1.27	8	0.71
88	/home/ellora/projects/faxdc2/ame/jaspar_insects.txt	MA0235.1	onecut	TTGATTD	1.08e-1	1.00e0	1.43e2	787	157	157	1125	4.04	14	8.92	67	5.96
89	/home/ellora/projects/faxdc2/ame/jaspar_insects.txt	MA0234.1	oc	TAATCC	6.00e-1	1.00e0	1.43e2	385	157	157	1125	3.99	1	0.64	6	0.53
90	/home/ellora/projects/faxdc2/ame/jaspar_insects.txt	MA0197.2	nub	TATGCAAATNAG	2.29e-1	1.00e0	1.43e2	345	157	157	1125	12.5	6	3.82	28	2.49
91	/home/ellora/projects/faxdc2/ame/jaspar_insects.txt	MA0233.1	mirr	WAACA	6.78e-1	1.00e0	1.43e2	767	157	157	1125	1.27	57	36.31	426	37.87
92	/home/ellora/projects/faxdc2/ame/jaspar_insects.txt	MA1459.1	M1BP	NVHMYGGTCACACTGNNN	9.04e-1	1.00e0	1.43e2	220	157	157	1125	167	5	3.18	58	5.16
93	/home/ellora/projects/faxdc2/ame/jaspar_insects.txt	MA0175.1	lms	YTAATTR	7.85e-2	1.00e0	1.43e2	635	157	157	1125	3.15	11	7.01	46	4.09
94	/home/ellora/projects/faxdc2/ame/jaspar_insects.txt	MA0232.1	lbl	TAATKA	7.06e-2	1.00e0	1.43e2	525	157	157	1125	2.22	11	7.01	45	4.00
95	/home/ellora/projects/faxdc2/ame/jaspar_insects.txt	MA0231.1	lbe	TAAYYA	2.20e-1	1.00e0	1.43e2	520	157	157	1125	1.61	17	10.83	97	8.62
96	/home/ellora/projects/faxdc2/ame/jaspar_insects.txt	MA0451.1	kni	AAWNTAGAGCAS	2.28e-1	1.00e0	1.43e2	243	157	157	1125	12.5	5	3.18	22	1.96
97	/home/ellora/projects/faxdc2/ame/jaspar_insects.txt	MA0227.1	hth	TGACAK	4.80e-1	1.00e0	1.43e2	377	157	157	1125	3.37	1	0.64	4	0.36
98	/home/ellora/projects/faxdc2/ame/jaspar_insects.txt	MA0192.1	Hmx	TTAATTG	1.00e-1	1.00e0	1.43e2	548	157	157	1125	6.33	4	2.55	11	0.98
99	/home/ellora/projects/faxdc2/ame/jaspar_insects.txt	MA0450.1	hkb	KGGGCGTGA	2.48e-1	1.00e0	1.43e2	182	157	157	1125	9.38	7	4.46	35	3.11
100	/home/ellora/projects/faxdc2/ame/jaspar_insects.txt	MA0226.1	hbn	TTAATTR	8.78e-2	1.00e0	1.43e2	716	157	157	1125	5.55	6	3.82	20	1.78
101	/home/ellora/projects/faxdc2/ame/jaspar_insects.txt	MA0049.1	hb	SMAWAAAAAA	8.76e-1	1.00e0	1.43e2	874	157	157	1125	1.59	78	49.68	610	54.22
102	/home/ellora/projects/faxdc2/ame/jaspar_insects.txt	MA0448.1	H2.0	TTWATDA	2.06e-1	1.00e0	1.43e2	776	157	157	1125	3.61	3	1.91	10	0.89
103	/home/ellora/projects/faxdc2/ame/jaspar_insects.txt	MA0190.1	Gsc	TAATCC	3.24e-1	1.00e0	1.43e2	399	157	157	1125	3.75	1	0.64	2	0.18
104	/home/ellora/projects/faxdc2/ame/jaspar_insects.txt	MA1457.1	grh	VAAACCAGTTTBN	5.80e-1	1.00e0	1.43e2	275	157	157	1125	9.96	7	4.46	51	4.53
105	/home/ellora/projects/faxdc2/ame/jaspar_insects.txt	MA0917.1	gcm2	ATGCGGGY	1.95e-1	1.00e0	1.43e2	328	157	157	1125	8.43	4	2.55	15	1.33
106	/home/ellora/projects/faxdc2/ame/jaspar_insects.txt	MA0446.1	fkh	TGTTTRYHYAA	2.66e-1	1.00e0	1.43e2	597	157	157	1125	6.95	12	7.64	68	6.04
107	/home/ellora/projects/faxdc2/ame/jaspar_insects.txt	MA0222.1	exd	NTTTGACR	5.78e-1	1.00e0	1.43e2	384	157	157	1125	3.4	5	3.18	36	3.20
108	/home/ellora/projects/faxdc2/ame/jaspar_insects.txt	MA0221.1	eve	YTAATKA	8.44e-2	1.00e0	1.43e2	524	157	157	1125	1.82	24	15.29	125	11.11
109	/home/ellora/projects/faxdc2/ame/jaspar_insects.txt	MA0916.1	Ets21C	CCGGAART	2.92e-1	1.00e0	1.43e2	138	157	157	1125	2.31	14	8.92	83	7.38
110	/home/ellora/projects/faxdc2/ame/jaspar_insects.txt	MA0915.1	dve	HTAATCCV	4.11e-1	1.00e0	1.43e2	308	157	157	1125	1.74	23	14.65	154	13.69
111	/home/ellora/projects/faxdc2/ame/jaspar_insects.txt	MA1456.1	Dref	NHTATCGATA	1.47e-1	1.00e0	1.43e2	339	157	157	1125	2.07	36	22.93	214	19.02
112	/home/ellora/projects/faxdc2/ame/jaspar_insects.txt	MA0188.1	Dr	CCAATTA	8.70e-2	1.00e0	1.43e2	460	157	157	1125	5.47	5	3.18	15	1.33
113	/home/ellora/projects/faxdc2/ame/jaspar_insects.txt	MA1455.1	dmrt99B	WWGHWACAATGTADCAA	5.65e-1	1.00e0	1.43e2	97	157	157	1125	3.41	4	2.55	28	2.49
114	/home/ellora/projects/faxdc2/ame/jaspar_insects.txt	MA0187.1	Dll	TAATTRY	3.98e-1	1.00e0	1.43e2	643	157	157	1125	3.5	2	1.27	9	0.80
115	/home/ellora/projects/faxdc2/ame/jaspar_insects.txt	MA0023.1	dl(var.2)	GGGGWTTTCC	1.92e-1	1.00e0	1.43e2	198	157	157	1125	10.3	8	5.10	38	3.38
116	/home/ellora/projects/faxdc2/ame/jaspar_insects.txt	MA0186.1	Dfd	TTAATGA	2.50e-1	1.00e0	1.43e2	402	157	157	1125	4.52	4	2.55	17	1.51
117	/home/ellora/projects/faxdc2/ame/jaspar_insects.txt	MA0185.1	Deaf1	TTCGKB	6.34e-2	1.00e0	1.43e2	614	157	157	1125	2.79	3	1.91	5	0.44
118	/home/ellora/projects/faxdc2/ame/jaspar_insects.txt	MA0174.1	Dbx	TTWATKA	7.57e-2	1.00e0	1.43e2	777	157	157	1125	4.51	2	1.27	2	0.18
119	/home/ellora/projects/faxdc2/ame/jaspar_insects.txt	MA0445.1	D	BCYATTGTTBT	2.88e-1	1.00e0	1.43e2	422	157	157	1125	1.35	46	29.30	302	26.84
120	/home/ellora/projects/faxdc2/ame/jaspar_insects.txt	MA1700.1	Clamp	GWGMGAGCGAGAGR	2.55e-1	1.00e0	1.43e2	290	157	157	1125	12.7	20	12.74	120	10.67
121	/home/ellora/projects/faxdc2/ame/jaspar_insects.txt	MA0182.1	CG4328-RA	WTWATTR	2.77e-1	1.00e0	1.43e2	825	157	157	1125	2.11	24	15.29	149	13.24
122	/home/ellora/projects/faxdc2/ame/jaspar_insects.txt	MA0444.1	CG34031	TTAATTG	2.51e-1	1.00e0	1.43e2	580	157	157	1125	4.77	6	3.82	29	2.58
123	/home/ellora/projects/faxdc2/ame/jaspar_insects.txt	MA0179.1	CG32532	TTAATTR	7.26e-2	1.00e0	1.43e2	710	157	157	1125	4.43	8	5.10	29	2.58
124	/home/ellora/projects/faxdc2/ame/jaspar_insects.txt	MA0176.1	CG15696-RA	TTAATTR	6.67e-2	1.00e0	1.43e2	754	157	157	1125	3.57	10	6.37	39	3.47
125	/home/ellora/projects/faxdc2/ame/jaspar_insects.txt	MA0173.1	CG11617	TTAACAT	6.35e-1	1.00e0	1.43e2	440	157	157	1125	4.81	3	1.91	23	2.04
126	/home/ellora/projects/faxdc2/ame/jaspar_insects.txt	MA0171.1	CG11085	TTAATTG	1.73e-1	1.00e0	1.43e2	539	157	157	1125	5.16	3	1.91	9	0.80
127	/home/ellora/projects/faxdc2/ame/jaspar_insects.txt	MA0217.1	caup	TAACA	2.08e-1	1.00e0	1.43e2	559	157	157	1125	2.16	2	1.27	5	0.44
128	/home/ellora/projects/faxdc2/ame/jaspar_insects.txt	MA0216.2	cad	RGYMATAAAAM	3.66e-1	1.00e0	1.43e2	429	157	157	1125	1.78	40	25.48	269	23.91
129	/home/ellora/projects/faxdc2/ame/jaspar_insects.txt	MA0215.1	btn	TTAATKA	2.30e-1	1.00e0	1.43e2	544	157	157	1125	5.35	1	0.64	1	0.09
130	/home/ellora/projects/faxdc2/ame/jaspar_insects.txt	MA0443.1	btd	RRGGGGCGKR	3.82e-1	1.00e0	1.43e2	299	157	157	1125	25	3	1.91	15	1.33
131	/home/ellora/projects/faxdc2/ame/jaspar_insects.txt	MA0214.1	bsh	TTAATKR	1.25e-1	1.00e0	1.43e2	598	157	157	1125	2.63	10	6.37	45	4.00
132	/home/ellora/projects/faxdc2/ame/jaspar_insects.txt	MA0213.1	brk	SYGGCGCY	2.05e-1	1.00e0	1.43e2	501	157	157	1125	13.2	5	3.18	21	1.87
133	/home/ellora/projects/faxdc2/ame/jaspar_insects.txt	MA0013.1	br(var.4)	TWRTAAACWAW	1.37e-1	1.00e0	1.43e2	851	157	157	1125	4.74	18	11.46	95	8.44
134	/home/ellora/projects/faxdc2/ame/jaspar_insects.txt	MA0012.1	br(var.3)	TAAACWARWNS	1.57e-1	1.00e0	1.43e2	785	157	157	1125	3.06	17	10.83	91	8.09
135	/home/ellora/projects/faxdc2/ame/jaspar_insects.txt	MA0011.1	br(var.2)	TWCTATTT	2.39e-1	1.00e0	1.43e2	556	157	157	1125	2.06	9	5.73	47	4.18
136	/home/ellora/projects/faxdc2/ame/jaspar_insects.txt	MA0010.1	br	RTAAWWRACAARWN	4.43e-1	1.00e0	1.43e2	709	157	157	1125	15.7	2	1.27	10	0.89
137	/home/ellora/projects/faxdc2/ame/jaspar_insects.txt	MA0242.1	Bgb::run	WAACCGCAA	5.09e-1	1.00e0	1.43e2	194	157	157	1125	4.77	10	6.37	69	6.13
138	/home/ellora/projects/faxdc2/ame/jaspar_insects.txt	MA0212.1	bcd	TAATCC	4.80e-1	1.00e0	1.43e2	385	157	157	1125	4.26	1	0.64	4	0.36
139	/home/ellora/projects/faxdc2/ame/jaspar_insects.txt	MA0169.1	B-H2	WTAATTG	3.04e-1	1.00e0	1.43e2	616	157	157	1125	4.98	2	1.27	7	0.62
140	/home/ellora/projects/faxdc2/ame/jaspar_insects.txt	MA0168.1	B-H1	TTAAWYG	1.42e-1	1.00e0	1.43e2	661	157	157	1125	4.22	3	1.91	8	0.71
141	/home/ellora/projects/faxdc2/ame/jaspar_insects.txt	MA0210.1	ara	WAACA	7.77e-1	1.00e0	1.43e2	731	157	157	1125	1.12	65	41.40	498	44.27
142	/home/ellora/projects/faxdc2/ame/jaspar_insects.txt	MA0207.1	achi	TGACAG	3.30e-1	1.00e0	1.43e2	352	157	157	1125	1.48	41	26.11	272	24.18
143	/home/ellora/projects/faxdc2/ame/jaspar_insects.txt	MA0165.1	Abd-B	TTTATKA	4.23e-1	1.00e0	1.43e2	832	157	157	1125	2.71	12	7.64	78	6.93

# AME (Analysis of Motif Enrichment): Version 5.1.0 compiled on Nov 22 2019 at 14:35:19
# The format of this file is described at http://meme-suite.org/doc/ame-output-format.html.
# ame --evalue-report-threshold 1000 --o c3 --hit-lo-fraction 0.3 --control /home/ellora/projects/oksm_sen/ubi/c3_deg.fa /home/ellora/projects/oksm_sen/ubi/c3.fa /home/ellora/projects/faxdc2/ame/jaspar_insects.txt
